iter,psnr
1,11.743593
2,9.533928
3,12.342646
4,12.383377
5,12.779432
6,13.748734
7,14.818971
8,14.702119
9,15.076316
10,15.681717
11,16.309673
12,16.473660
13,16.832327
14,17.270205
15,17.676970
16,18.081789
17,18.185980
18,18.168507
19,18.323662
20,18.646353
21,18.953411
22,19.043962
23,19.268112
24,19.563490
25,19.939539
26,20.309135
27,20.453180
28,20.474836
29,20.708187
30,21.139164
31,21.390249
32,21.731403
33,21.711643
34,21.731936
35,22.094416
36,22.408037
37,22.630369
38,22.770376
39,22.747681
40,22.811440
41,23.250706
42,23.326317
43,23.208231
44,23.525427
45,23.451609
46,23.649294
47,23.733599
48,23.545507
49,23.847372
50,23.752882
51,24.089409
52,24.261843
53,24.325827
54,24.387287
55,24.206678
56,24.343128
57,24.738432
58,24.413994
59,24.700914
60,24.659801
61,24.933817
62,24.650557
63,25.018084
64,24.855783
65,25.177708
66,24.956648
67,25.069590
68,25.249441
69,25.194403
70,25.301561
71,25.380924
72,25.366404
73,25.608969
74,25.645838
75,25.516966
76,25.794504
77,25.593878
78,25.726984
79,25.917496
80,25.787622
81,25.652216
82,25.753878
83,25.996479
84,26.018660
85,26.097179
86,26.133913
87,26.112879
88,26.180336
89,26.219135
90,26.211298
91,26.342558
92,26.446026
93,26.266611
94,26.380135
95,26.583086
96,26.157810
97,26.315340
98,26.178751
99,26.543146
100,26.539436
101,26.511988
102,26.712999
103,26.727365
104,26.885897
105,26.751165
106,26.690769
107,26.619230
108,26.519333
109,26.835287
110,26.678265
111,26.728083
112,26.692131
113,26.820436
114,27.214706
115,26.802933
116,26.981335
117,26.972492
118,26.983751
119,27.037336
120,27.418827
121,26.959211
122,26.997231
123,26.907436
124,26.952536
125,27.271265
126,27.028913
127,27.257565
128,27.243252
129,26.820454
130,26.643856
131,26.874989
132,27.450544
133,26.841101
134,26.976397
135,26.799187
136,27.085861
137,27.215115
138,27.185318
139,27.329782
140,27.050947
141,26.947048
142,27.464951
143,27.588263
144,27.441519
145,27.198946
146,27.408298
147,27.671194
148,27.443190
149,27.570087
150,27.483601
151,27.466183
152,27.628695
153,27.838371
154,27.576893
155,27.565540
156,27.648264
157,27.886375
158,27.587524
159,27.608311
160,27.412329
161,27.157867
162,27.375412
163,27.450129
164,27.498949
165,27.758461
166,27.627934
167,27.412657
168,27.552862
169,27.969040
170,27.611919
171,27.442793
172,27.643490
173,27.685665
174,27.968914
175,27.682131
176,27.630117
177,28.063070
178,27.839722
179,28.052837
180,27.706699
181,27.905556
182,27.865677
183,27.651297
184,27.629444
185,27.723915
186,28.020182
187,28.003428
188,27.876083
189,28.117546
190,27.777067
191,28.144718
192,27.733820
193,27.589712
194,27.794773
195,27.760126
196,28.215439
197,28.043789
198,28.254959
199,28.300945
200,27.767895
201,28.231176
202,28.076250
203,28.085470
204,28.001984
205,27.864000
206,27.987360
207,28.027899
208,28.221409
209,28.005066
210,28.320078
211,28.209209
212,27.929001
213,28.294577
214,28.033314
215,28.003141
216,28.245684
217,28.178173
218,28.065557
219,28.515202
220,28.403460
221,28.118258
222,28.493898
223,28.338249
224,28.359886
225,28.326738
226,28.121401
227,28.311285
228,28.199852
229,28.471209
230,28.474775
231,28.577423
232,28.182438
233,28.259113
234,28.506937
235,28.106661
236,28.594809
237,28.318935
238,28.425100
239,28.390085
240,28.368946
241,28.590786
242,28.232286
243,28.532074
244,28.437353
245,28.667673
246,28.120342
247,27.737673
248,27.776218
249,27.465876
250,27.638508
251,28.165039
252,28.498020
253,28.199705
254,28.236773
255,28.145138
256,28.507332
257,28.353254
258,28.412645
259,28.175854
260,28.265892
261,28.425632
262,28.009907
263,28.508640
264,28.311180
265,28.475153
266,28.352093
267,28.641352
268,28.596697
269,28.497202
270,28.641880
271,28.311174
272,28.529139
273,28.423391
274,28.355680
275,28.900393
276,28.586878
277,28.725864
278,28.870321
279,28.691534
280,28.487778
281,28.467127
282,28.490601
283,28.575529
284,28.093315
285,28.555624
286,28.495953
287,28.601976
288,28.727938
289,28.475311
290,28.617468
291,28.774864
292,28.908268
293,28.692272
294,29.012115
295,28.823242
296,28.718990
297,28.914261
298,28.846550
299,29.027815
300,28.851961
301,28.654249
302,28.527637
303,28.394892
304,28.671286
305,28.098347
306,28.156054
307,28.720139
308,28.391310
309,28.330500
310,28.106546
311,28.216156
312,28.698315
313,28.387707
314,28.344648
315,28.469431
316,28.760523
317,28.431494
318,28.298944
319,28.567081
320,28.407070
321,28.236481
322,28.286833
323,28.757999
324,28.785757
325,28.613960
326,28.729197
327,28.983091
328,28.829924
329,28.767786
330,28.701420
331,28.816277
332,28.843203
333,28.672199
334,28.797403
335,28.714718
336,28.467516
337,28.719763
338,28.610275
339,28.690477
340,28.324806
341,28.330030
342,28.841656
343,28.259741
344,28.694061
345,29.103823
346,28.587896
347,28.773027
348,28.957005
349,28.851099
350,28.717407
351,28.785168
352,29.131416
353,29.027431
354,28.887735
355,28.732101
356,28.805042
357,28.889336
358,28.580341
359,28.946836
360,29.182627
361,28.599895
362,28.562141
363,29.160433
364,29.040909
365,28.415541
366,28.523321
367,28.837885
368,29.263348
369,28.717100
370,29.082884
371,29.041739
372,28.897825
373,28.519964
374,28.793177
375,29.183874
376,28.756662
377,28.954542
378,29.193470
379,28.967081
380,28.866144
381,28.960466
382,28.808153
383,29.144976
384,29.122162
385,29.022804
386,28.992422
387,29.046909
388,28.837347
389,28.766136
390,28.990473
391,28.844625
392,29.054155
393,28.991627
394,28.656071
395,28.798006
396,29.148460
397,29.122597
398,29.066589
399,29.153059
400,28.998686
401,28.885233
402,28.893826
403,28.940849
404,28.560997
405,29.276299
406,29.095320
407,29.192205
408,29.076971
409,29.116232
410,29.571648
411,28.918749
412,29.128752
413,29.551834
414,28.982033
415,29.523106
416,29.257088
417,28.855820
418,29.104261
419,29.165462
420,29.109995
421,29.529835
422,29.052168
423,28.888918
424,29.173172
425,28.748255
426,28.827288
427,29.212006
428,29.241806
429,29.207228
430,28.979258
431,29.291679
432,29.434181
433,29.427622
434,29.013304
435,29.611053
436,29.171545
437,29.435019
438,29.249681
439,29.413031
440,28.918297
441,28.934717
442,29.541769
443,29.432062
444,29.251057
445,29.031223
446,28.803265
447,29.322062
448,29.238102
449,29.454227
450,29.329451
451,29.289679
452,29.112846
453,29.171541
454,29.234646
455,29.066982
456,29.507561
457,29.041142
458,28.986998
459,29.248177
460,29.236774
461,29.207848
462,28.812044
463,28.654312
464,28.836143
465,29.098574
466,29.058809
467,28.944853
468,29.233065
469,29.467381
470,28.831800
471,29.205076
472,28.876335
473,29.074760
474,29.038761
475,29.065422
476,29.377640
477,29.367413
478,29.173214
479,29.337666
480,29.281321
481,29.141338
482,29.280039
483,29.813438
484,29.119543
485,29.148180
486,28.933512
487,29.233242
488,29.091017
489,29.233690
490,28.762823
491,29.577440
492,29.426512
493,28.892002
494,29.112631
495,29.587185
496,29.167768
497,29.132515
498,29.201385
499,29.290316
500,29.485197
501,29.598537
502,29.191963
503,29.280739
504,29.260687
505,29.315315
506,28.897057
507,29.354355
508,29.164955
509,29.180687
510,29.420570
511,29.174423
512,29.324247
513,29.637350
514,29.436270
515,29.639334
516,29.365585
517,29.482809
518,29.388794
519,29.571236
520,29.756365
521,29.479033
522,29.437449
523,29.444824
524,29.396095
525,29.112223
526,29.347561
527,29.429070
528,29.355875
529,29.198780
530,29.569609
531,29.146866
532,29.327267
533,28.947931
534,29.098858
535,29.547115
536,29.288578
537,29.743452
538,29.662136
539,29.408918
540,29.546093
541,29.554203
542,29.768051
543,29.428902
544,29.589701
545,29.366180
546,29.352924
547,29.362686
548,29.209051
549,29.243591
550,29.582750
551,29.314751
552,29.418421
553,29.338696
554,29.393536
555,29.633125
556,29.622267
557,29.481268
558,29.302094
559,29.584599
560,29.184254
561,29.369751
562,29.148008
563,29.167091
564,29.713560
565,29.605209
566,28.612818
567,27.903671
568,28.519703
569,29.360409
570,29.789238
571,28.936251
572,28.853125
573,29.331383
574,29.133402
575,29.480194
576,29.251200
577,29.493490
578,29.456287
579,29.084602
580,29.385113
581,29.398304
582,29.435604
583,29.322947
584,29.576572
585,29.610632
586,29.512377
587,29.467537
588,29.693296
589,29.382343
590,29.043909
591,29.004162
592,29.319380
593,29.627216
594,29.387213
595,29.212769
596,29.322826
597,29.717030
598,29.226437
599,29.134020
600,29.457342
601,29.486336
602,29.573429
603,29.695442
604,29.480591
605,29.498087
606,29.133717
607,29.785471
608,29.284740
609,29.338303
610,29.238703
611,29.708433
612,29.574278
613,29.449385
614,29.802946
615,29.575497
616,29.587393
617,29.834146
618,29.597412
619,29.629477
620,29.367809
621,29.409149
622,29.673727
623,29.659779
624,29.649220
625,29.560835
626,29.474289
627,29.428600
628,29.688938
629,29.190786
630,29.459499
631,29.524548
632,29.296331
633,29.576561
634,29.917368
635,29.382095
636,29.957947
637,29.496017
638,29.089603
639,29.289103
640,29.309341
641,29.166103
642,29.400051
643,29.567478
644,29.510963
645,29.203104
646,29.543285
647,29.646763
648,29.792643
649,29.250191
650,29.556761
651,29.227654
652,29.605701
653,29.635386
654,29.287920
655,29.363028
656,29.763073
657,29.314133
658,29.939901
659,29.430529
660,29.889879
661,29.729273
662,29.618212
663,29.590046
664,29.699499
665,29.529655
666,29.749943
667,29.609570
668,29.548203
669,29.478014
670,29.564257
671,29.926800
672,29.912773
673,29.535954
674,29.556059
675,29.599888
676,30.133116
677,29.701267
678,29.478121
679,29.713102
680,29.638718
681,29.697027
682,29.893623
683,29.602110
684,30.080450
685,29.829910
686,29.629147
687,29.628481
688,30.208071
689,29.840336
690,29.948858
691,29.663021
692,30.140368
693,29.654556
694,29.601879
695,29.634151
696,30.048164
697,29.849657
698,29.579048
699,30.054583
700,29.963991
701,30.314224
702,29.708700
703,30.122358
704,30.455616
705,29.771597
706,29.593542
707,29.726742
708,29.752050
709,29.389620
710,29.613884
711,29.391953
712,29.548903
713,29.702164
714,29.659491
715,29.444801
716,29.404455
717,29.563150
718,29.654337
719,29.762997
720,29.529488
721,29.535830
722,29.506132
723,29.689035
724,29.906229
725,29.519974
726,29.864592
727,29.775639
728,29.572224
729,30.098234
730,29.571793
731,29.788483
732,29.854359
733,29.814066
734,29.918663
735,29.787668
736,29.641369
737,29.937874
738,29.807116
739,29.867401
740,29.642954
741,30.058922
742,29.680317
743,29.650442
744,29.541182
745,29.726976
746,29.630877
747,29.817072
748,29.696634
749,29.534771
750,29.612707
751,29.591703
752,29.628275
753,29.783504
754,29.771091
755,29.972439
756,29.333761
757,29.523096
758,29.508520
759,29.734581
760,29.571535
761,29.348312
762,29.379551
763,29.808611
764,29.469723
765,29.216259
766,29.330959
767,29.840849
768,29.756866
769,29.306538
770,29.406422
771,29.997910
772,29.684832
773,29.384083
774,29.327957
775,29.726606
776,29.868214
777,29.499226
778,29.731913
779,30.086098
780,29.523340
781,29.518465
782,29.472530
783,29.820261
784,29.981291
785,29.995579
786,29.590809
787,29.792740
788,29.682665
789,29.518930
790,30.056458
791,29.559591
792,29.562452
793,29.952963
794,30.152449
795,30.103107
796,29.793051
797,29.983624
798,29.836020
799,29.825171
800,29.992594
801,29.872110
802,30.035208
803,29.702147
804,29.574940
805,30.097380
806,30.065075
807,29.578913
808,29.484272
809,29.915524
810,29.689915
811,29.783857
812,29.751780
813,29.733309
814,29.609598
815,29.767717
816,29.489714
817,29.953821
818,29.997189
819,30.032728
820,29.960920
821,29.508698
822,30.293278
823,29.868156
824,29.767269
825,30.329700
826,30.002710
827,29.764437
828,30.162224
829,29.919785
830,30.246498
831,29.919209
832,30.056171
833,30.061899
834,29.755285
835,29.923981
836,30.060251
837,30.003681
838,30.115213
839,30.019957
840,29.816046
841,29.845127
842,29.900885
843,29.846542
844,30.184299
845,30.178263
846,29.747326
847,29.911289
848,29.701223
849,30.308767
850,29.908031
851,30.348236
852,29.979507
853,30.048948
854,30.309225
855,30.050055
856,30.216002
857,29.858017
858,30.011341
859,30.097500
860,29.835760
861,29.878471
862,30.089096
863,29.957134
864,29.975229
865,30.518000
866,29.922380
867,30.155701
868,29.766928
869,29.854649
870,30.018606
871,30.133326
872,30.388792
873,30.263006
874,29.888306
875,30.147856
876,30.289642
877,30.105272
878,30.039137
879,30.463079
880,29.952908
881,29.799093
882,30.105566
883,29.883060
884,29.877308
885,30.210838
886,30.237440
887,30.300974
888,29.960136
889,29.826693
890,30.274414
891,29.937853
892,29.753054
893,29.915178
894,29.870468
895,29.809675
896,30.113781
897,29.753416
898,30.111937
899,29.769163
900,30.283768
901,29.814730
902,30.149113
903,30.125114
904,29.855446
905,29.960857
906,30.220284
907,30.163099
908,30.072945
909,30.250021
910,29.682909
911,30.129702
912,30.203835
913,30.293732
914,30.087818
915,30.172798
916,30.054090
917,30.153913
918,30.060349
919,30.124268
920,30.026920
921,29.945545
922,30.020321
923,29.908255
924,30.056019
925,29.956038
926,30.121004
927,29.657444
928,29.433584
929,29.746069
930,30.009844
931,30.167156
932,30.538305
933,29.799078
934,29.673500
935,30.136517
936,29.598225
937,29.048685
938,29.219116
939,29.803984
940,30.001122
941,29.567202
942,29.655111
943,30.127075
944,29.613321
945,29.411005
946,29.631817
947,30.086992
948,29.604366
949,30.004896
950,30.157282
951,29.981699
952,29.737055
953,29.699781
954,30.209745
955,29.817804
956,29.733665
957,30.029003
958,30.064440
959,29.838959
960,29.654615
961,30.230225
962,30.088263
963,29.767632
964,29.949787
965,30.069387
966,30.015287
967,30.156916
968,30.414940
969,29.850107
970,29.793800
971,30.017673
972,30.420769
973,30.154284
974,29.824610
975,30.199770
976,29.780754
977,29.893740
978,30.093410
979,30.168806
980,30.054916
981,30.344673
982,29.946306
983,30.294533
984,30.081713
985,30.351772
986,30.255074
987,29.602568
988,29.727289
989,30.403034
990,30.145781
991,29.641939
992,30.335400
993,30.589718
994,30.118715
995,29.695333
996,29.998232
997,30.345812
998,30.005491
999,30.301647
1000,30.294405
1001,29.948935
1002,29.682884
1003,30.194725
1004,29.849491
1005,29.650173
1006,29.908590
1007,29.979294
1008,30.401154
1009,30.323931
1010,30.165081
1011,29.970261
1012,30.027843
1013,30.308863
1014,30.331148
1015,30.179327
1016,30.156754
1017,29.921181
1018,30.004711
1019,30.249235
1020,29.703083
1021,30.282282
1022,30.063288
1023,30.304523
1024,30.267418
1025,30.425907
1026,30.212597
1027,30.125774
1028,30.463114
1029,30.325558
1030,30.489441
1031,30.727007
1032,30.490458
1033,30.921455
1034,30.568022
1035,30.432487
1036,30.083540
1037,30.400383
1038,30.636190
1039,30.552946
1040,30.509081
1041,30.110588
1042,30.222513
1043,30.288866
1044,30.632074
1045,30.534592
1046,30.137976
1047,30.563665
1048,30.297155
1049,30.382179
1050,30.306036
1051,29.916592
1052,30.208853
1053,30.182911
1054,29.895374
1055,30.230606
1056,30.174175
1057,30.398857
1058,30.078213
1059,30.075768
1060,30.135109
1061,30.181822
1062,30.209003
1063,30.185692
1064,30.395597
1065,30.643221
1066,30.367729
1067,30.379686
1068,30.539055
1069,30.266207
1070,30.344608
1071,30.304266
1072,30.273741
1073,30.493364
1074,30.360397
1075,30.567198
1076,30.073683
1077,29.849337
1078,30.218826
1079,29.990114
1080,30.055325
1081,29.770037
1082,30.534853
1083,30.246519
1084,29.789108
1085,29.924957
1086,30.368675
1087,30.377792
1088,29.760015
1089,29.781694
1090,30.428806
1091,30.249830
1092,30.229254
1093,30.319935
1094,30.461718
1095,30.085104
1096,29.966284
1097,30.740627
1098,30.348591
1099,30.540861
1100,30.272949
1101,30.915522
1102,30.251524
1103,30.300728
1104,30.381893
1105,30.227428
1106,30.281487
1107,30.305717
1108,30.382610
1109,30.471455
1110,30.305271
1111,30.311640
1112,29.978523
1113,30.588156
1114,30.027359
1115,30.440271
1116,30.429171
1117,30.454365
1118,30.422344
1119,30.114351
1120,30.663664
1121,30.428284
1122,29.998148
1123,30.443905
1124,30.371593
1125,30.697176
1126,30.643564
1127,30.557791
1128,30.583170
1129,30.354889
1130,30.536705
1131,30.246662
1132,29.785240
1133,30.023682
1134,30.156366
1135,30.223541
1136,30.318092
1137,30.477461
1138,30.447710
1139,30.345572
1140,30.113432
1141,30.431046
1142,30.360985
1143,30.446760
1144,30.408680
1145,30.453609
1146,30.328320
1147,30.314262
1148,30.618069
1149,29.997869
1150,30.112438
1151,30.373062
1152,30.475296
1153,30.345020
1154,30.555534
1155,30.361607
1156,30.279463
1157,30.029957
1158,30.431488
1159,30.511744
1160,30.063259
1161,29.709000
1162,29.790049
1163,30.233692
1164,30.088976
1165,30.307524
1166,30.104713
1167,30.186928
1168,30.286329
1169,30.369310
1170,30.217592
1171,30.534740
1172,30.663227
1173,30.444395
1174,30.381607
1175,30.469669
1176,30.480001
1177,30.399498
1178,30.209187
1179,30.362070
1180,30.319067
1181,30.567995
1182,30.406599
1183,30.101013
1184,30.802189
1185,30.811632
1186,30.716578
1187,30.044613
1188,30.553480
1189,30.099806
1190,30.515104
1191,30.406708
1192,30.151995
1193,30.623947
1194,30.400764
1195,30.244053
1196,30.248463
1197,30.422499
1198,30.326006
1199,30.155256
1200,29.796286
1201,30.198526
1202,30.605936
1203,30.268290
1204,30.615673
1205,30.655603
1206,30.204945
1207,30.250572
1208,30.134659
1209,30.188894
1210,30.463278
1211,30.333399
1212,30.265429
1213,30.396736
1214,30.142054
1215,30.365952
1216,30.225586
1217,30.449959
1218,29.967718
1219,30.278082
1220,30.277885
1221,30.362322
1222,30.087372
1223,30.171789
1224,30.128260
1225,30.464508
1226,30.471464
1227,30.435127
1228,30.050678
1229,30.324375
1230,30.510584
1231,30.230415
1232,30.366999
1233,30.254894
1234,30.306135
1235,30.512287
1236,30.204264
1237,30.546217
1238,30.803991
1239,30.259192
1240,30.477436
1241,30.525120
1242,30.238127
1243,30.764793
1244,30.628096
1245,30.430527
1246,30.283882
1247,30.494610
1248,30.841888
1249,30.463339
1250,30.372292
1251,30.536243
1252,30.425966
1253,30.699425
1254,30.831991
1255,30.558462
1256,30.515236
1257,30.533081
1258,30.213572
1259,30.472860
1260,30.363369
1261,30.299494
1262,30.760990
1263,30.318253
1264,30.929745
1265,30.791439
1266,30.528400
1267,30.111012
1268,30.753000
1269,30.600237
1270,30.475510
1271,30.707853
1272,30.507523
1273,30.636919
1274,30.382263
1275,30.304737
1276,30.494139
1277,30.441210
1278,30.332159
1279,29.878342
1280,29.841089
1281,30.049791
1282,30.568773
1283,30.142427
1284,30.064932
1285,30.149250
1286,30.387583
1287,30.540277
1288,29.842402
1289,30.399464
1290,30.140532
1291,30.196779
1292,29.974142
1293,30.183062
1294,30.245071
1295,30.498341
1296,29.952211
1297,30.616098
1298,30.386021
1299,30.279722
1300,30.626715
1301,30.766901
1302,30.215647
1303,30.475159
1304,30.477392
1305,30.186783
1306,30.356564
1307,30.720644
1308,30.328375
1309,30.628014
1310,30.548903
1311,30.443737
1312,30.650770
1313,30.241676
1314,30.519987
1315,30.248343
1316,30.109556
1317,30.498957
1318,30.300690
1319,30.674841
1320,30.504503
1321,30.729834
1322,30.253851
1323,30.499516
1324,30.728249
1325,30.501122
1326,30.602551
1327,30.487152
1328,30.478430
1329,30.435421
1330,30.344173
1331,30.747711
1332,30.189857
1333,30.494017
1334,30.436632
1335,30.459156
1336,30.498425
1337,30.387096
1338,30.299109
1339,30.624819
1340,30.720572
1341,30.642878
1342,30.345285
1343,30.447016
1344,30.403608
1345,30.058094
1346,30.578735
1347,30.752512
1348,30.222588
1349,30.087460
1350,30.549534
1351,30.377163
1352,30.375057
1353,30.384684
1354,30.539055
1355,30.565443
1356,30.491785
1357,30.070536
1358,30.340666
1359,30.659184
1360,30.502754
1361,30.356520
1362,30.372314
1363,30.166168
1364,30.273886
1365,30.628128
1366,30.640131
1367,30.427750
1368,30.398626
1369,30.318306
1370,30.849733
1371,30.864714
1372,30.383619
1373,30.379322
1374,30.628469
1375,30.405996
1376,30.367306
1377,30.182190
1378,30.750528
1379,30.655792
1380,30.629642
1381,30.177473
1382,30.448235
1383,29.976139
1384,30.626308
1385,30.482079
1386,30.518045
1387,29.993992
1388,30.674616
1389,30.475840
1390,30.591766
1391,30.074959
1392,30.428837
1393,30.556742
1394,30.392193
1395,30.190271
1396,30.625080
1397,30.662558
1398,30.569004
1399,30.578821
1400,30.862333
1401,31.045538
1402,30.231615
1403,30.517069
1404,30.364344
1405,30.333570
1406,30.389629
1407,30.532776
1408,30.202917
1409,30.551113
1410,30.505121
1411,30.467854
1412,30.502052
1413,30.793549
1414,30.855288
1415,30.470203
1416,30.713785
1417,30.572792
1418,30.385210
1419,30.453814
1420,30.201591
1421,30.263206
1422,30.663780
1423,30.119711
1424,30.161364
1425,30.675058
1426,30.828808
1427,30.334587
1428,30.370853
1429,30.290548
1430,30.441505
1431,30.916811
1432,30.386627
1433,30.023188
1434,30.581013
1435,30.329163
1436,30.791637
1437,30.379444
1438,30.614315
1439,30.731602
1440,30.710558
1441,30.346426
1442,29.740095
1443,30.283079
1444,30.417543
1445,29.977657
1446,29.905369
1447,30.518118
1448,30.005102
1449,29.941813
1450,30.174694
1451,30.797482
1452,30.053577
1453,30.329708
1454,30.224916
1455,30.438984
1456,30.597330
1457,30.662607
1458,30.438168
1459,30.385262
1460,30.484352
1461,30.612537
1462,30.004433
1463,30.254648
1464,30.501598
1465,30.691101
1466,30.329678
1467,30.286974
1468,30.634211
1469,30.658085
1470,30.209131
1471,30.328087
1472,30.692575
1473,30.950068
1474,30.826445
1475,30.709774
1476,30.685368
1477,30.558451
1478,30.692572
1479,30.776773
1480,30.806990
1481,30.493935
1482,30.687822
1483,30.825569
1484,30.306025
1485,30.584278
1486,30.533567
1487,30.740213
1488,30.563904
1489,30.721622
1490,30.342834
1491,30.835924
1492,30.783787
1493,30.692837
1494,30.359055
1495,30.812906
1496,30.572630
1497,30.847668
1498,30.591810
1499,30.421497
1500,30.707228
1501,30.481777
1502,30.480419
1503,30.935699
1504,30.720770
1505,30.392876
1506,30.621731
1507,30.757698
1508,31.081093
1509,30.810141
1510,30.665762
1511,30.930468
1512,30.939917
1513,30.981285
1514,30.436546
1515,30.587898
1516,31.017962
1517,30.676712
1518,30.979330
1519,30.750652
1520,30.657681
1521,30.762638
1522,30.817186
1523,30.906580
1524,30.911331
1525,30.942963
1526,30.884834
1527,31.110357
1528,30.754311
1529,30.694757
1530,30.178688
1531,30.302095
1532,30.712217
1533,30.832193
1534,30.853424
1535,30.709467
1536,31.126280
1537,30.374830
1538,30.723177
1539,30.851835
1540,31.159952
1541,30.592266
1542,30.785526
1543,30.755365
1544,30.824549
1545,30.672838
1546,30.929831
1547,30.359182
1548,30.725288
1549,31.185036
1550,30.674841
1551,30.356110
1552,30.191048
1553,30.825668
1554,30.836464
1555,30.474920
1556,30.627398
1557,30.588326
1558,30.929161
1559,30.660675
1560,30.334303
1561,30.655691
1562,30.620792
1563,30.711390
1564,30.512087
1565,30.822069
1566,30.959579
1567,30.704557
1568,30.802248
1569,30.898701
1570,30.672709
1571,30.763538
1572,30.749487
1573,30.302265
1574,30.655231
1575,30.845972
1576,30.840940
1577,30.680950
1578,30.692249
1579,30.522667
1580,30.735682
1581,30.492603
1582,30.946442
1583,30.579710
1584,30.319336
1585,30.621151
1586,30.708065
1587,30.602278
1588,30.913792
1589,30.829655
1590,30.967930
1591,30.679230
1592,30.811354
1593,31.225756
1594,30.504707
1595,30.536474
1596,30.592545
1597,30.582775
1598,30.769821
1599,30.912041
1600,30.840052
1601,30.923586
1602,31.110245
1603,30.406143
1604,30.989710
1605,30.995333
1606,30.542374
1607,31.016102
1608,30.952948
1609,31.070719
1610,30.551298
1611,30.729387
1612,30.509068
1613,30.986639
1614,30.432199
1615,31.171301
1616,30.287024
1617,30.560150
1618,30.915932
1619,30.740288
1620,30.860346
1621,30.921442
1622,30.899643
1623,30.523945
1624,30.943205
1625,31.052799
1626,30.659641
1627,30.810400
1628,30.833685
1629,30.524355
1630,30.727571
1631,30.148495
1632,30.600954
1633,31.238949
1634,30.922258
1635,30.882006
1636,30.617962
1637,30.746683
1638,30.751570
1639,31.076389
1640,30.696814
1641,30.848953
1642,30.966799
1643,30.765285
1644,30.565678
1645,30.712339
1646,30.967779
1647,31.098335
1648,30.872435
1649,31.018686
1650,30.898226
1651,30.979048
1652,30.789972
1653,30.841015
1654,30.894199
1655,30.491753
1656,30.788298
1657,30.784330
1658,30.807199
1659,31.188940
1660,30.724089
1661,30.825254
1662,30.510786
1663,30.802149
1664,30.810831
1665,31.020332
1666,30.797970
1667,30.718494
1668,31.026814
1669,30.814213
1670,30.674040
1671,30.976542
1672,30.751198
1673,31.118238
1674,30.786253
1675,30.940907
1676,30.796171
1677,30.638403
1678,30.873432
1679,30.870537
1680,31.082825
1681,30.655876
1682,30.619324
1683,30.517931
1684,30.761667
1685,30.631611
1686,30.907969
1687,31.052795
1688,30.916298
1689,30.830650
1690,30.456764
1691,30.823973
1692,30.407637
1693,30.295851
1694,30.752378
1695,30.704433
1696,30.614777
1697,30.863068
1698,30.740191
1699,30.363951
1700,30.638329
1701,30.566181
1702,30.967106
1703,30.948618
1704,30.212490
1705,30.910677
1706,30.746958
1707,30.499987
1708,30.317455
1709,30.597612
1710,30.877464
1711,30.700060
1712,30.485678
1713,30.683596
1714,30.513741
1715,30.627464
1716,30.887133
1717,30.931883
1718,30.877409
1719,30.763355
1720,30.809076
1721,30.680340
1722,30.786396
1723,30.575363
1724,31.157104
1725,30.803329
1726,30.708822
1727,30.720978
1728,30.546749
1729,30.611929
1730,30.446857
1731,30.977348
1732,30.821953
1733,30.893290
1734,30.775656
1735,30.809107
1736,30.634411
1737,30.415895
1738,30.928247
1739,30.848106
1740,30.953445
1741,30.751442
1742,31.083059
1743,30.988747
1744,31.074495
1745,30.825520
1746,30.793150
1747,31.016991
1748,31.119112
1749,30.689159
1750,30.852621
1751,30.889090
1752,30.955902
1753,31.106850
1754,30.706108
1755,30.675877
1756,31.157352
1757,30.786371
1758,31.073969
1759,30.546610
1760,31.221542
1761,31.103466
1762,30.585907
1763,30.391907
1764,30.417009
1765,31.062979
1766,31.306946
1767,30.774302
1768,30.914694
1769,31.086615
1770,31.290377
1771,31.046482
1772,31.149843
1773,31.095627
1774,30.887093
1775,30.974974
1776,30.782686
1777,30.944548
1778,30.906786
1779,31.152067
1780,30.816154
1781,30.796782
1782,31.179684
1783,31.073582
1784,30.659914
1785,30.975618
1786,31.094908
1787,30.926481
1788,31.205193
1789,31.006887
1790,31.058428
1791,30.791613
1792,31.407341
1793,30.947510
1794,31.034195
1795,30.809729
1796,30.911455
1797,31.053562
1798,31.093040
1799,31.285278
1800,31.231497
1801,30.891390
1802,31.138292
1803,30.752640
1804,30.921114
1805,30.807739
1806,30.734715
1807,30.729948
1808,31.023085
1809,30.999977
1810,30.872496
1811,30.541798
1812,30.851801
1813,31.094311
1814,30.943266
1815,31.361418
1816,31.094877
1817,30.729704
1818,30.471460
1819,30.789623
1820,30.849340
1821,30.933590
1822,31.032530
1823,31.064119
1824,30.658371
1825,30.702429
1826,30.875923
1827,30.887514
1828,30.672539
1829,30.714905
1830,30.343170
1831,30.485842
1832,30.494869
1833,30.793657
1834,30.894949
1835,31.006355
1836,30.842230
1837,30.852919
1838,31.053282
1839,30.644358
1840,30.872156
1841,30.912889
1842,30.927961
1843,31.244076
1844,30.840834
1845,31.192720
1846,30.737061
1847,30.977953
1848,30.740763
1849,30.489370
1850,30.528547
1851,31.232960
1852,31.000395
1853,30.893511
1854,30.259665
1855,30.800688
1856,30.793985
1857,30.844198
1858,30.953423
1859,30.667187
1860,31.192591
1861,31.013319
1862,30.876413
1863,31.082262
1864,30.905521
1865,31.010944
1866,31.091825
1867,30.951029
1868,30.547239
1869,30.531044
1870,31.380445
1871,31.183231
1872,31.062834
1873,30.715750
1874,30.936171
1875,30.944166
1876,30.778357
1877,30.686342
1878,30.915997
1879,31.124844
1880,30.736570
1881,30.888481
1882,30.549215
1883,30.597713
1884,31.213514
1885,31.112968
1886,30.594391
1887,30.624836
1888,30.851662
1889,30.752197
1890,30.868345
1891,30.918543
1892,30.965012
1893,30.867321
1894,30.597630
1895,30.787676
1896,30.823475
1897,30.830479
1898,30.809277
1899,30.876184
1900,30.511845
1901,30.637306
1902,30.960575
1903,30.754391
1904,31.148308
1905,30.944042
1906,30.855753
1907,31.071053
1908,30.786610
1909,31.017302
1910,30.784077
1911,30.874207
1912,30.643839
1913,30.673630
1914,30.815773
1915,31.033047
1916,30.886787
1917,30.970791
1918,30.715122
1919,30.862528
1920,30.909428
1921,30.821953
1922,30.916676
1923,30.796186
1924,31.155806
1925,30.893469
1926,30.945642
1927,30.898254
1928,30.814373
1929,30.802942
1930,31.012238
1931,30.891459
1932,30.893967
1933,30.923433
1934,30.634197
1935,30.602169
1936,30.877533
1937,31.011747
1938,31.178467
1939,30.703096
1940,30.454977
1941,30.674116
1942,30.820181
1943,31.200184
1944,30.880812
1945,30.326704
1946,30.632130
1947,30.670448
1948,30.906195
1949,31.370605
1950,30.521049
1951,30.783777
1952,31.207996
1953,31.294926
1954,30.714035
1955,30.951921
1956,31.165808
1957,30.984539
1958,30.802670
1959,31.217463
1960,30.869240
1961,31.136740
1962,30.878704
1963,31.159159
1964,30.917292
1965,30.741072
1966,31.194874
1967,30.819189
1968,30.924591
1969,30.973858
1970,31.154041
1971,30.729256
1972,30.694130
1973,30.757614
1974,31.105589
1975,30.963589
1976,31.018993
1977,30.785795
1978,31.241535
1979,30.853481
1980,30.834030
1981,30.864584
1982,30.520412
1983,30.975481
1984,30.773739
1985,30.572508
1986,30.372330
1987,30.947868
1988,31.063377
1989,30.674614
1990,31.012587
1991,30.982908
1992,30.903027
1993,30.863892
1994,30.995384
1995,30.777124
1996,30.978998
1997,30.768097
1998,31.014608
1999,30.926416
2000,31.024233
